url,title,timestamp,subtraction
https://www.google.com/search?q=%E5%A4%9A%E6%91%A9%E7%BE%8E&sca_esv=04329dbb662eda98&hl=ja&source=hp&ei=2nCUZsOuKJXT1e8P2JSBqAk&iflsig=AL9hbdgAAAAAZpR-6nwChrpjUr5qYGTvxFGrWzE7x1J0&ved=0ahUKEwjDg5K46KeHAxWVafUHHVhKAJUQ4dUDCBc&uact=5&oq=%E5%A4%9A%E6%91%A9%E7%BE%8E&gs_lp=Egdnd3Mtd2l6IgnlpJrmkannvo4yCxAAGIAEGLEDGIMBMg4QABiABBixAxiDARiKBTILEAAYgAQYsQMYgwEyBRAAGIAEMgsQABiABBixAxiDATIFEAAYgAQyBRAAGIAEMgUQABiABDIFEAAYgAQyCBAAGIAEGLEDSIAWULkIWMwQcAF4AJABAJgB0QGgAfgGqgEFMC40LjG4AQPIAQD4AQGYAgSgApAEqAIKwgIQEAAYAxjlAhjqAhiMAxiPAcICChAAGIAEGLEDGATCAg0QABiABBixAxiDARgEwgIQEAAYgAQYsQMYgwEYBBiKBcICBxAAGIAEGASYAwySBwMxLjOgB78Q&sclient=gws-wiz,No Title,2024-07-15 00:44:53.126000+00:00,0:00:00
https://www.google.com/search?q=%E5%A4%9A%E6%91%A9%E7%BE%8E&sca_esv=04329dbb662eda98&hl=ja&source=hp&ei=2nCUZsOuKJXT1e8P2JSBqAk&iflsig=AL9hbdgAAAAAZpR-6nwChrpjUr5qYGTvxFGrWzE7x1J0&ved=0ahUKEwjDg5K46KeHAxWVafUHHVhKAJUQ4dUDCBc&uact=5&oq=%E5%A4%9A%E6%91%A9%E7%BE%8E&gs_lp=Egdnd3Mtd2l6IgnlpJrmkannvo4yCxAAGIAEGLEDGIMBMg4QABiABBixAxiDARiKBTILEAAYgAQYsQMYgwEyBRAAGIAEMgsQABiABBixAxiDATIFEAAYgAQyBRAAGIAEMgUQABiABDIFEAAYgAQyCBAAGIAEGLEDSIAWULkIWMwQcAF4AJABAJgB0QGgAfgGqgEFMC40LjG4AQPIAQD4AQGYAgSgApAEqAIKwgIQEAAYAxjlAhjqAhiMAxiPAcICChAAGIAEGLEDGATCAg0QABiABBixAxiDARgEwgIQEAAYgAQYsQMYgwEYBBiKBcICBxAAGIAEGASYAwySBwMxLjOgB78Q&sclient=gws-wiz,多摩美 - Google 検索,2024-07-15 00:44:54.155000+00:00,1.029
https://www.google.com/search?q=%E5%A4%9A%E6%91%A9%E7%BE%8E&sca_esv=04329dbb662eda98&hl=ja&source=hp&ei=2nCUZsOuKJXT1e8P2JSBqAk&iflsig=AL9hbdgAAAAAZpR-6nwChrpjUr5qYGTvxFGrWzE7x1J0&ved=0ahUKEwjDg5K46KeHAxWVafUHHVhKAJUQ4dUDCBc&uact=5&oq=%E5%A4%9A%E6%91%A9%E7%BE%8E&gs_lp=Egdnd3Mtd2l6IgnlpJrmkannvo4yCxAAGIAEGLEDGIMBMg4QABiABBixAxiDARiKBTILEAAYgAQYsQMYgwEyBRAAGIAEMgsQABiABBixAxiDATIFEAAYgAQyBRAAGIAEMgUQABiABDIFEAAYgAQyCBAAGIAEGLEDSIAWULkIWMwQcAF4AJABAJgB0QGgAfgGqgEFMC40LjG4AQPIAQD4AQGYAgSgApAEqAIKwgIQEAAYAxjlAhjqAhiMAxiPAcICChAAGIAEGLEDGATCAg0QABiABBixAxiDARgEwgIQEAAYgAQYsQMYgwEYBBiKBcICBxAAGIAEGASYAwySBwMxLjOgB78Q&sclient=gws-wiz,多摩美 - Google 検索,2024-07-15 00:44:55.318000+00:00,1.163
https://www.tamabi.ac.jp/,多摩美術大学,2024-07-15 00:44:55.609000+00:00,0.291
https://www.tamabi.ac.jp/,多摩美術大学,2024-07-15 00:44:56.447000+00:00,0.838
https://www.tamabi.ac.jp/academic-programs/,多摩美術大学,2024-07-15 00:44:59.095000+00:00,2.648
https://www.tamabi.ac.jp/academic-programs/oil-painting/,学部・大学院 | 多摩美術大学,2024-07-15 00:45:05.816000+00:00,6.721
https://www.tamabi.ac.jp/academic-programs/liberal-arts/courses/,絵画学科 油画専攻 | 多摩美術大学,2024-07-15 00:45:12.335000+00:00,6.519
https://www.tamabi.ac.jp/academic-programs/liberal-arts/courses/#kaminoge,共通教育科目一覧 | 多摩美術大学,2024-07-15 00:45:15.377000+00:00,3.042
https://www.tamabi.ac.jp/academic-programs/liberal-arts/courses/#kaminoge,共通教育科目一覧 | 多摩美術大学,2024-07-15 00:45:15.393000+00:00,0.016
https://www.tamabi.ac.jp/request/,共通教育科目一覧 | 多摩美術大学,2024-07-15 00:45:17.848000+00:00,2.455
https://www.d-pam.com/tamabi/2412713/index.html?tm=1#target/page_no=1,No Title,2024-07-15 00:45:21.401000+00:00,3.553
https://www.d-pam.com/tamabi/2412713/index.html?tm=1#target/page_no=2,多摩美術大学　Tama Art University 2025,2024-07-15 00:45:25.376000+00:00,3.975
https://www.d-pam.com/tamabi/2412713/index.html?tm=1#target/page_no=3,多摩美術大学　Tama Art University 2025,2024-07-15 00:45:26.153000+00:00,0.777
https://qiita.com/Qiita/items/c686397e4a0f4f11683d,No Title,2024-07-15 00:57:49.941000+00:00,743.788
https://www.google.com/search?q=%E9%9D%92%E6%A3%AE%E7%9C%8C%E4%B8%89%E6%B2%A2%E5%B8%82+%E4%BA%8B%E6%95%85&sca_esv=f8e66e6f0e6a17a8&hl=ja&source=hp&ei=LoSUZquwErCA1e8PrIaa2QM&gs_ss=1&oq=&gs_lp=EhFtb2JpbGUtZ3dzLXdpei1ocCIAKgIIAjIQEAAYAxjlAhjqAhiMAxiPATIQEAAYAxjlAhjqAhiMAxiPATIQEAAYAxjlAhjqAhiMAxiPATIQEAAYAxjlAhjqAhiMAxiPATIQEAAYAxjlAhjqAhiMAxiPATIQEAAYAxjlAhjqAhiMAxiPATIQEAAYAxjlAhjqAhiMAxiPATIQEAAYAxjlAhjqAhiMAxiPATIQEAAYAxjlAhjqAhiMAxiPATIQEAAYAxjlAhjqAhiMAxiPATIQEAAYAxjlAhjqAhiMAxiPATIQEAAYAxjlAhjqAhiMAxiPATIQEAAYAxjlAhjqAhiMAxiPATIQEAAYAxjlAhjqAhiMAxiPATIQEAAYAxjlAhjqAhiMAxiPAUjpBFAAWABwAngAkAEAmAEAoAEAqgEAuAEByAEAmAICoAIGqAIPmAMEkgcBMqAHAA&sclient=mobile-gws-wiz-hp#sbfbu=1&pi=%E9%9D%92%E6%A3%AE%E7%9C%8C%E4%B8%89%E6%B2%A2%E5%B8%82%20%E4%BA%8B%E6%95%85,https://www.google.com/search?q=青森県三沢市+事故&sca_esv=f8e66e6f0e6a17a8&hl=ja&source=hp&ei=LoSUZquwErCA1e8PrIaa2QM&gs_ss=1&oq=&gs_lp=EhFtb2JpbGUtZ3dzLXdpei1ocCIAKgIIAjIQEAAYAxjlAhjqAhiMAxiPATIQEAAYAxjlAhjqAhiMAxiPATIQEAAYAxjlAhjqAhiMAxiPATIQEAAYAxjlAhjqAhiMAxiPATIQEAAYAxjlAhjqAhiMAxiPATIQEAAYAxjlAhjqAhiMAxiPATIQEAAYAxjlAhjqAhiMAxiPATIQEAAYAxjlAhjqAhiMAxiPATIQEAAYAxjlAhjqAhiMAxiPATIQEAAYAxjlAhjqAhiMAxiPATIQEAAYAxjlAhjqAhiMAxiPATIQEAAYAxjlAhjqAhiMAxiPATIQEAAYAxjlAhjqAhiMAxiPATIQEAAYAxjlAhjqAhiMAxiPATIQEAAYAxjlAhjqAhiMAxiPAUjpBFAAWABwAngAkAEAmAEAoAEAqgEAuAEByAEAmAICoAIGqAIPmAMEkgcBMqAHAA&sclient=mobile-gws-wiz-hp#sbfbu=1&pi=青森県三沢市 事故,2024-07-15 02:06:41.645000+00:00,4131.704
https://www.google.com/webhp?hl=ja&sa=X&ved=0ahUKEwjq4_uPq92EAxUpk68BHfg_AjMQPAgJ#sbfbu=1&pi=,https://www.google.com/webhp?hl=ja&sa=X&ved=0ahUKEwjq4_uPq92EAxUpk68BHfg_AjMQPAgJ#sbfbu=1&pi=,2024-07-15 02:06:39.249000+00:00,-2.396
https://www.google.com/search?q=%E9%9D%92%E6%A3%AE%E7%9C%8C%E4%B8%89%E6%B2%A2%E5%B8%82+%E4%BA%8B%E6%95%85&sca_esv=f8e66e6f0e6a17a8&hl=ja&source=hp&ei=LoSUZquwErCA1e8PrIaa2QM&gs_ss=1&oq=&gs_lp=EhFtb2JpbGUtZ3dzLXdpei1ocCIAKgIIAjIQEAAYAxjlAhjqAhiMAxiPATIQEAAYAxjlAhjqAhiMAxiPATIQEAAYAxjlAhjqAhiMAxiPATIQEAAYAxjlAhjqAhiMAxiPATIQEAAYAxjlAhjqAhiMAxiPATIQEAAYAxjlAhjqAhiMAxiPATIQEAAYAxjlAhjqAhiMAxiPATIQEAAYAxjlAhjqAhiMAxiPATIQEAAYAxjlAhjqAhiMAxiPATIQEAAYAxjlAhjqAhiMAxiPATIQEAAYAxjlAhjqAhiMAxiPATIQEAAYAxjlAhjqAhiMAxiPATIQEAAYAxjlAhjqAhiMAxiPATIQEAAYAxjlAhjqAhiMAxiPATIQEAAYAxjlAhjqAhiMAxiPAUjpBFAAWABwAngAkAEAmAEAoAEAqgEAuAEByAEAmAICoAIGqAIPmAMEkgcBMqAHAA&sclient=mobile-gws-wiz-hp,青森県三沢市 事故 - Google 検索,2024-07-15 02:06:39.988000+00:00,0.739
https://www.shibuyabooks.co.jp/spbs/,SPBS本店 | SHIBUYA PUBLISHING & BOOKSELLERS（SPBS）,2024-07-15 02:06:33.187000+00:00,-6.801
https://www.google.com/webhp?hl=ja&sa=X&ved=0ahUKEwjq4_uPq92EAxUpk68BHfg_AjMQPAgJ,Google,2024-07-15 02:06:38.402000+00:00,5.215
https://www.navitime.co.jp/transfer/searchlist?orvStationName=%E6%A9%8B%E6%9C%AC%EF%BC%88%E7%A5%9E%E5%A5%88%E5%B7%9D%E7%9C%8C%EF%BC%89&orvStationCode=00001774&dnvStationName=%E6%A8%AA%E6%B5%9C&dnvStationCode=00000838&defaultCondition=0,橋本（神奈川県）から横浜までの乗換案内 - NAVITIME,2024-07-15 02:07:02.594000+00:00,24.192
https://www.google.com/search?q=%E6%A9%8B%E6%9C%AC%E9%A7%85%E3%81%8B%E3%82%89%E6%A8%AA%E6%B5%9C%E9%A7%85&sca_esv=f8e66e6f0e6a17a8&hl=ja&ei=L4SUZszANZzM1e8P3bfXKQ&oq=%E6%A9%8B%E6%9C%AC%E9%A7%85%E3%81%8B%E3%82%89%E3%82%88%E3%81%93&gs_lp=EhNtb2JpbGUtZ3dzLXdpei1zZXJwIhXmqYvmnKzpp4XjgYvjgonjgojjgZMqAggAMgcQABiABBgEMgcQABiABBgEMgcQABiABBgEMgcQABiABBgEMgcQABiABBgEMgcQABiABBgEMgcQABiABBgEMggQABiABBiiBEjjVVCgBVjHT3AKeACQAQGYAZgBoAGCHKoBBDIuMje4AQHIAQD4AQGYAiWgAoEbqAIPwgIIEAAYgAQYsAPCAgsQABiABBiwAxiiBMICCxAAGIAEGLEDGIMBwgIFEAAYgATCAg4QABiABBixAxiDARiKBcICBBAAGAPCAhAQABiABBixAxhDGIMBGIoFwgIKEAAYgAQYQxiKBcICCBAAGIAEGLEDwgINEAAYgAQYsQMYQxiKBcICEBAAGAMY5QIY6gIYjAMYjwHCAhAQABiABBixAxiDARgEGIoFwgINEAAYgAQYsQMYgwEYBMICChAAGIAEGLEDGATCAgoQABiABBihBRgEwgITEAAYgAQYoQUYsQMYgwEYBBiKBZgDA4gGAZAGBJIHBTEwLjI3oAfleg&sclient=mobile-gws-wiz-serp,橋本駅から横浜駅 - Google 検索,2024-07-15 02:06:52.929000+00:00,-9.665
https://www.google.com/webhp?hl=ja&sa=X&ved=0ahUKEwjq4_uPq92EAxUpk68BHfg_AjMQPAgJ,Google,2024-07-15 03:09:15.646000+00:00,3742.717
https://www.google.com/webhp?hl=ja&sa=X&ved=0ahUKEwjq4_uPq92EAxUpk68BHfg_AjMQPAgJ,Google,2024-07-15 03:09:15.984000+00:00,0.338
https://www.google.com/search?q=flask+%E8%A7%A3%E8%AA%AC&sca_esv=ff0977b59c62e668&hl=ja&source=hp&ei=3pKUZq2YIt6Pvr0PmLWByAs&iflsig=AL9hbdgAAAAAZpSg7j-GWC5cvX6DLhci4umtsG2oPpEi&oq=flask+kaisaetu&gs_lp=Egdnd3Mtd2l6Ig5mbGFzayBrYWlzYWV0dSoCCAAyBxAAGIAEGA0yCBAAGIAEGKIEMggQABiABBiiBDIIEAAYgAQYogQyCBAAGIAEGKIESNIkUABY-RRwAHgAkAEAmAGGAaAB9AyqAQQwLjE0uAEByAEA-AEBmAIOoAKLDcICEBAAGIAEGLEDGIMBGAQYigXCAgsQABiABBixAxiDAcICChAAGIAEGLEDGATCAg0QABiABBixAxiDARgEwgIIEAAYgAQYsQPCAgUQABiABMICBBAAGAPCAgcQABiABBgEwgIEEAAYHsICBhAAGAQYHsICCBAAGAQYBRgewgIIEAAYBBgIGB7CAgYQABgFGB7CAgYQABgIGB7CAggQABgEGA0YHpgDAJIHBDAuMTSgB8Mk&sclient=gws-wiz,No Title,2024-07-15 03:09:22.208000+00:00,6.224
https://www.google.com/search?q=flask+%E8%A7%A3%E8%AA%AC&sca_esv=ff0977b59c62e668&hl=ja&source=hp&ei=3pKUZq2YIt6Pvr0PmLWByAs&iflsig=AL9hbdgAAAAAZpSg7j-GWC5cvX6DLhci4umtsG2oPpEi&oq=flask+kaisaetu&gs_lp=Egdnd3Mtd2l6Ig5mbGFzayBrYWlzYWV0dSoCCAAyBxAAGIAEGA0yCBAAGIAEGKIEMggQABiABBiiBDIIEAAYgAQYogQyCBAAGIAEGKIESNIkUABY-RRwAHgAkAEAmAGGAaAB9AyqAQQwLjE0uAEByAEA-AEBmAIOoAKLDcICEBAAGIAEGLEDGIMBGAQYigXCAgsQABiABBixAxiDAcICChAAGIAEGLEDGATCAg0QABiABBixAxiDARgEwgIIEAAYgAQYsQPCAgUQABiABMICBBAAGAPCAgcQABiABBgEwgIEEAAYHsICBhAAGAQYHsICCBAAGAQYBRgewgIIEAAYBBgIGB7CAgYQABgFGB7CAgYQABgIGB7CAggQABgEGA0YHpgDAJIHBDAuMTSgB8Mk&sclient=gws-wiz,flask 解説 - Google 検索,2024-07-15 03:09:23.077000+00:00,0.869
https://aiacademy.jp/media/?p=57,No Title,2024-07-15 03:09:28.422000+00:00,5.345
https://qiita.com/drafts,No Title,2024-07-15 03:09:51.745000+00:00,23.323
https://qiita.com/drafts/818c6ab0a697ab5adc19/edit,Qiita,2024-07-15 03:10:04.918000+00:00,13.173
https://www.navitime.co.jp/transfer/searchlist?orvStationName=%E6%A9%8B%E6%9C%AC%EF%BC%88%E7%A5%9E%E5%A5%88%E5%B7%9D%E7%9C%8C%EF%BC%89&orvStationCode=00001774&dnvStationName=%E6%A8%AA%E6%B5%9C&dnvStationCode=00000838&defaultCondition=0,橋本（神奈川県）から横浜までの乗換案内 - NAVITIME,2024-07-15 04:25:46.986000+00:00,4542.068
https://www.navitime.co.jp/transfer/searchlist?orvStationName=%E6%A9%8B%E6%9C%AC%EF%BC%88%E7%A5%9E%E5%A5%88%E5%B7%9D%E7%9C%8C%EF%BC%89&orvStationCode=00001774&thr1StationName=&thr1StationCode=&thr2StationName=&thr2StationCode=&thr3StationName=&thr3StationCode=&dnvStationName=%E6%A8%AA%E6%B5%9C&dnvStationCode=00000838&day=15&hour=17&minute=6&year=2024&month=07&basis=0&from=research_title&freePass=0&sort=0&wspeed=100&airplane=1&sprexprs=1&utrexprs=1&mtrplbus=1&intercitybus=1&ferry=1&othexprs=1,橋本（神奈川県）から横浜までの乗換案内 - NAVITIME,2024-07-15 04:26:01.510000+00:00,14.524
https://www.navitime.co.jp/transfer/?orvStationCode=00001774&orvStationName=%E6%A9%8B%E6%9C%AC%EF%BC%88%E7%A5%9E%E5%A5%88%E5%B7%9D%E7%9C%8C%EF%BC%89&dnvStationCode=00000838&dnvStationName=%E6%A8%AA%E6%B5%9C&thrStationCode1=&thrStationName1=&thrStationCode2=&thrStationName2=&thrStationCode3=&thrStationName3=&year=2024&month=07&day=15&hour=11&minute=06&basis=1&sort=0&wspeed=100&airplane=1&sprexprs=1&utrexprs=1&othexprs=1&mtrplbus=1&ferry=1&intercitybus=1&accidentRailCode=&accidentRailName=&freePass=0&from=research_title,乗換案内 - NAVITIME,2024-07-15 04:25:50.443000+00:00,-11.067
https://aiacademy.jp/media/?p=57,【Python】Flaskとは？FlaskでWeb開発の基礎を学ぼう！ - AI Academy Media,2024-07-15 05:41:33.202000+00:00,4542.759
https://qiita.com/Qiita/items/c686397e4a0f4f11683d,Markdown記法 チートシート #Qiita - Qiita,2024-07-15 05:46:32.371000+00:00,299.169
https://chat.openai.com/,ChatGPT,2024-07-15 05:51:57.472000+00:00,325.101
https://chatgpt.com/,ChatGPT,2024-07-15 05:51:57.472000+00:00,0.0
https://chatgpt.com/,ChatGPT,2024-07-15 05:51:57.803000+00:00,0.331
https://chatgpt.com/c/250ecf53-0e97-471c-9b16-568e46241340,ChatGPT,2024-07-15 05:55:06.551000+00:00,188.748
https://www.google.com/search?q=flask+%E8%A7%A3%E8%AA%AC&sca_esv=ff0977b59c62e668&hl=ja&source=hp&ei=3pKUZq2YIt6Pvr0PmLWByAs&iflsig=AL9hbdgAAAAAZpSg7j-GWC5cvX6DLhci4umtsG2oPpEi&oq=flask+kaisaetu&gs_lp=Egdnd3Mtd2l6Ig5mbGFzayBrYWlzYWV0dSoCCAAyBxAAGIAEGA0yCBAAGIAEGKIEMggQABiABBiiBDIIEAAYgAQYogQyCBAAGIAEGKIESNIkUABY-RRwAHgAkAEAmAGGAaAB9AyqAQQwLjE0uAEByAEA-AEBmAIOoAKLDcICEBAAGIAEGLEDGIMBGAQYigXCAgsQABiABBixAxiDAcICChAAGIAEGLEDGATCAg0QABiABBixAxiDARgEwgIIEAAYgAQYsQPCAgUQABiABMICBBAAGAPCAgcQABiABBgEwgIEEAAYHsICBhAAGAQYHsICCBAAGAQYBRgewgIIEAAYBBgIGB7CAgYQABgFGB7CAgYQABgIGB7CAggQABgEGA0YHpgDAJIHBDAuMTSgB8Mk&sclient=gws-wiz,flask 解説 - Google 検索,2024-07-15 06:00:14.115000+00:00,307.564
https://www.google.com/search?q=%E3%83%95%E3%82%A9%E3%83%AB%E3%83%80%E6%A7%8B%E9%80%A0%E5%9B%B3%E5%BD%A2&sca_esv=ff0977b59c62e668&hl=ja&ei=5ZKUZuysDISlvr0ProSKQA&ved=0ahUKEwiss8fziKiHAxWEkq8BHS6CAggQ4dUDCA8&uact=5&oq=%E3%83%95%E3%82%A9%E3%83%AB%E3%83%80%E6%A7%8B%E9%80%A0%E5%9B%B3%E5%BD%A2&gs_lp=Egxnd3Mtd2l6LXNlcnAiGOODleOCqeODq-ODgOani-mAoOWbs-W9ojIIEAAYgAQYogQyCBAAGIAEGKIEMggQABiABBiiBDIIEAAYgAQYogRI-EVQAFiFQ3AJeAGQAQGYAcACoAHFJaoBCDAuMjkuMC4xuAEDyAEA-AEBmAIdoAKtGKgCCsICChAAGIAEGEMYigXCAgcQABiABBgEwgIOEAAYgAQYsQMYgwEYigXCAggQABiABBixA8ICBRAAGIAEwgIQEAAYgAQYsQMYgwEYBBiKBcICCxAAGIAEGLEDGIMBwgINEAAYgAQYsQMYgwEYBMICChAAGIAEGLEDGATCAhYQABgDGLQCGOUCGOoCGIwDGI8B2AEBwgIIEAAYBBgIGB6YAwK6BgQIARgKkgcEOS4yMKAH32Y&sclient=gws-wiz-serp,No Title,2024-07-15 06:00:26.247000+00:00,12.132
https://www.google.com/search?q=%E3%83%95%E3%82%A9%E3%83%AB%E3%83%80%E6%A7%8B%E9%80%A0%E5%9B%B3%E5%BD%A2&sca_esv=ff0977b59c62e668&hl=ja&ei=5ZKUZuysDISlvr0ProSKQA&ved=0ahUKEwiss8fziKiHAxWEkq8BHS6CAggQ4dUDCA8&uact=5&oq=%E3%83%95%E3%82%A9%E3%83%AB%E3%83%80%E6%A7%8B%E9%80%A0%E5%9B%B3%E5%BD%A2&gs_lp=Egxnd3Mtd2l6LXNlcnAiGOODleOCqeODq-ODgOani-mAoOWbs-W9ojIIEAAYgAQYogQyCBAAGIAEGKIEMggQABiABBiiBDIIEAAYgAQYogRI-EVQAFiFQ3AJeAGQAQGYAcACoAHFJaoBCDAuMjkuMC4xuAEDyAEA-AEBmAIdoAKtGKgCCsICChAAGIAEGEMYigXCAgcQABiABBgEwgIOEAAYgAQYsQMYgwEYigXCAggQABiABBixA8ICBRAAGIAEwgIQEAAYgAQYsQMYgwEYBBiKBcICCxAAGIAEGLEDGIMBwgINEAAYgAQYsQMYgwEYBMICChAAGIAEGLEDGATCAhYQABgDGLQCGOUCGOoCGIwDGI8B2AEBwgIIEAAYBBgIGB6YAwK6BgQIARgKkgcEOS4yMKAH32Y&sclient=gws-wiz-serp,フォルダ構造図形 - Google 検索,2024-07-15 06:00:26.874000+00:00,0.627
https://qiita.com/paty-fakename/items/c82ed27b4070feeceff6,No Title,2024-07-15 06:00:28.755000+00:00,1.881
https://www.google.com/search?q=%E6%A9%8B%E6%9C%AC%E3%80%80%E5%A4%A9%E6%B0%97&sca_esv=ac280b94449c27e4&hl=ja&source=hp&ei=DQ-NZpTlNJK8vr0PruKlgAk&oq=%E6%A9%8B%E6%9C%AC%E3%80%80%E5%A4%A9%E6%B0%97&gs_lp=EhFtb2JpbGUtZ3dzLXdpei1ocCIP5qmL5pys44CA5aSp5rCXMgoQABiABBhGGIACMggQABiABBjJAzIFEAAYgAQyBRAAGIAEMgUQABiABDIFEAAYgAQyBRAAGIAEMgUQABiABEjvflDjZli6e3AEeACQAQOYAY4DoAG5DKoBBzQuNy4wLjG4AQPIAQD4AQGYAg2gAoAIqAIPwgIQEAAYAxjlAhjqAhiMAxiPAcICBxAAGIAEGATCAggQABiABBixA8ICEBAAGIAEGLEDGIMBGAQYigXCAg0QABiABBixAxiDARgEwgIKEAAYgAQYsQMYBMICDhAAGIAEGLEDGIMBGIoFwgIMEAAYgAQYBBhGGIACwgIKEAAYgAQYBBjJA5gDB5IHAzYuN6AH1js&sclient=mobile-gws-wiz-hp,橋本　天気 - Google 検索,2024-07-15 06:21:23.486000+00:00,1254.731
https://www.navitime.co.jp/transfer/searchlist?orvStationName=%E6%A9%8B%E6%9C%AC%EF%BC%88%E7%A5%9E%E5%A5%88%E5%B7%9D%E7%9C%8C%EF%BC%89&orvStationCode=00001774&thr1StationName=&thr1StationCode=&thr2StationName=&thr2StationCode=&thr3StationName=&thr3StationCode=&dnvStationName=%E6%A8%AA%E6%B5%9C&dnvStationCode=00000838&day=15&hour=17&minute=6&year=2024&month=07&basis=0&from=research_title&freePass=0&sort=0&wspeed=100&airplane=1&sprexprs=1&utrexprs=1&mtrplbus=1&intercitybus=1&ferry=1&othexprs=1,橋本（神奈川県）から横浜までの乗換案内 - NAVITIME,2024-07-15 06:21:21.125000+00:00,-2.361
https://www.navitime.co.jp/transfer/searchlist?orvStationName=%E6%A9%8B%E6%9C%AC%EF%BC%88%E7%A5%9E%E5%A5%88%E5%B7%9D%E7%9C%8C%EF%BC%89&orvStationCode=00001774&thr1StationName=&thr1StationCode=&thr2StationName=&thr2StationCode=&thr3StationName=&thr3StationCode=&dnvStationName=%E6%A8%AA%E6%B5%9C&dnvStationCode=00000838&day=15&hour=17&minute=6&year=2024&month=07&basis=0&from=research_title&freePass=0&sort=0&wspeed=100&airplane=1&sprexprs=1&utrexprs=1&mtrplbus=1&intercitybus=1&ferry=1&othexprs=1,橋本（神奈川県）から横浜までの乗換案内 - NAVITIME,2024-07-15 06:21:21.125000+00:00,0.0
https://www.navitime.co.jp/transfer/searchlist?orvStationName=%E6%A8%AA%E6%B5%9C&orvStationCode=00000838&thr1StationName=&thr1StationCode=&thr2StationName=&thr2StationCode=&thr3StationName=&thr3StationCode=&dnvStationName=%E6%A9%8B%E6%9C%AC%EF%BC%88%E7%A5%9E%E5%A5%88%E5%B7%9D%E7%9C%8C%EF%BC%89&dnvStationCode=00001774&day=15&hour=18&minute=16&year=2024&month=07&basis=1&from=research_title&freePass=0&sort=0&wspeed=100&airplane=1&sprexprs=1&utrexprs=1&mtrplbus=1&intercitybus=1&ferry=1&othexprs=1,横浜から橋本（神奈川県）までの乗換案内 - NAVITIME,2024-07-15 09:16:45.953000+00:00,10524.828
https://www.navitime.co.jp/transfer/searchlist?orvStationName=%E6%A9%8B%E6%9C%AC%EF%BC%88%E7%A5%9E%E5%A5%88%E5%B7%9D%E7%9C%8C%EF%BC%89&orvStationCode=00001774&thr1StationName=&thr1StationCode=&thr2StationName=&thr2StationCode=&thr3StationName=&thr3StationCode=&dnvStationName=%E6%A8%AA%E6%B5%9C&dnvStationCode=00000838&day=15&hour=17&minute=6&year=2024&month=07&basis=0&from=research_title&freePass=0&sort=0&wspeed=100&airplane=1&sprexprs=1&utrexprs=1&mtrplbus=1&intercitybus=1&ferry=1&othexprs=1,橋本（神奈川県）から横浜までの乗換案内 - NAVITIME,2024-07-15 09:16:28.170000+00:00,-17.783
https://www.navitime.co.jp/transfer/?orvStationCode=00001774&orvStationName=%E6%A9%8B%E6%9C%AC%EF%BC%88%E7%A5%9E%E5%A5%88%E5%B7%9D%E7%9C%8C%EF%BC%89&dnvStationCode=00000838&dnvStationName=%E6%A8%AA%E6%B5%9C&thrStationCode1=&thrStationName1=&thrStationCode2=&thrStationName2=&thrStationCode3=&thrStationName3=&year=2024&month=07&day=15&hour=17&minute=6&basis=0&sort=0&wspeed=100&airplane=1&sprexprs=1&utrexprs=1&othexprs=1&mtrplbus=1&ferry=1&intercitybus=1&accidentRailCode=&accidentRailName=&freePass=0&from=research_title,乗換案内 - NAVITIME,2024-07-15 09:16:35.229000+00:00,7.059
https://ccbt.rekibun.or.jp/events/civic-canvas01,【参加者募集中】CCBT×Shibuya Sakura Stage「CIVIC CANVAS Vo…,2024-07-15 09:16:23.705000+00:00,-11.524
https://ccbt.rekibun.or.jp/events/civic-canvas01,【参加者募集中】CCBT×Shibuya Sakura Stage「CIVIC CANVAS Vo…,2024-07-15 09:16:23.705000+00:00,0.0
https://tub.tamabi.ac.jp/news/4321/,TUB showing 2023 入賞者決定 - Tama Art University Bure…,2024-07-15 07:20:22.740000+00:00,-6960.965
https://tub.tamabi.ac.jp/exhibitions/4306/,Archive｜TUB showing 2023 - Tama Art University Bu…,2024-07-15 07:19:56.964000+00:00,-25.776
https://tub.tamabi.ac.jp/events/4737/,学科横断型企画展「TUB showing 2024」出展者を公募します！ - Tama Art U…,2024-07-15 07:17:28.500000+00:00,-148.464
https://www.navitime.co.jp/transfer/searchlist?orvStationName=%E6%A9%8B%E6%9C%AC%EF%BC%88%E7%A5%9E%E5%A5%88%E5%B7%9D%E7%9C%8C%EF%BC%89&orvStationCode=00001774&thr1StationName=&thr1StationCode=&thr2StationName=&thr2StationCode=&thr3StationName=&thr3StationCode=&dnvStationName=%E6%A8%AA%E6%B5%9C&dnvStationCode=00000838&day=15&hour=17&minute=6&year=2024&month=07&basis=0&from=research_title&freePass=0&sort=0&wspeed=100&airplane=1&sprexprs=1&utrexprs=1&mtrplbus=1&intercitybus=1&ferry=1&othexprs=1,橋本（神奈川県）から横浜までの乗換案内 - NAVITIME,2024-07-15 09:16:28.170000+00:00,7139.67
https://t.co/CdFZpmwnTi,https://generativeart.or.jp/generative-art-award,2024-07-15 11:22:58.337000+00:00,7590.167
https://www.navitime.co.jp/transfer/searchlist?orvStationName=%E6%A8%AA%E6%B5%9C&orvStationCode=00000838&thr1StationName=&thr1StationCode=&thr2StationName=&thr2StationCode=&thr3StationName=&thr3StationCode=&dnvStationName=%E6%A9%8B%E6%9C%AC%EF%BC%88%E7%A5%9E%E5%A5%88%E5%B7%9D%E7%9C%8C%EF%BC%89&dnvStationCode=00001774&day=15&hour=18&minute=16&year=2024&month=07&basis=1&from=research_title&freePass=0&sort=0&wspeed=100&airplane=1&sprexprs=1&utrexprs=1&mtrplbus=1&intercitybus=1&ferry=1&othexprs=1,横浜から橋本（神奈川県）までの乗換案内 - NAVITIME,2024-07-15 11:22:57.157000+00:00,-1.18
https://yoakemae.org/,夜明け前｜New Photography Award,2024-07-15 11:34:40.543000+00:00,703.386
https://generativeart.or.jp/generative-art-award,第一回ジェネラティブアート・アワード,2024-07-15 11:34:39.092000+00:00,-1.451
https://yoakemae.org/entry/,募集概要｜夜明け前｜New Photography Award,2024-07-15 11:35:42.413000+00:00,63.321
https://www.tflphotoaward.com/apply?fbclid=PAZXh0bgNhZW0BMAABpsPsajhIGXkWpa38MSNeeikkZQoyMushWJ9pogMdEQBtm6vVqkmTUJK45g_aem_JrlQ3T9_OYwZnVuAiogHcQ,APPLY | tflphotoaward,2024-07-15 12:25:23.363000+00:00,2980.95
https://yoakemae.org/entry/,募集概要｜夜明け前｜New Photography Award,2024-07-15 12:25:21.337000+00:00,-2.026
https://www.google.com/webhp?hl=ja&sa=X&ved=0ahUKEwjq4_uPq92EAxUpk68BHfg_AjMQPAgJ,Google,2024-07-15 14:21:25.105000+00:00,6963.768
https://www.google.com/webhp?hl=ja&sa=X&ved=0ahUKEwjq4_uPq92EAxUpk68BHfg_AjMQPAgJ,Google,2024-07-15 14:21:25.239000+00:00,0.134
https://www.google.com/search?q=touchdesigner+over+feedback&sca_esv=cc0e0c03d1bc2a3c&hl=ja&source=hp&ei=aDCVZsKcAfnT1e8PkvPC2AM&iflsig=AL9hbdgAAAAAZpU-eNBgAj6iGAWL6tAL85fR9Y4mXZpu&ved=0ahUKEwjC8PyOn6mHAxX5afUHHZK5EDsQ4dUDCBc&uact=5&oq=touchdesigner+over+feedback&gs_lp=Egdnd3Mtd2l6Iht0b3VjaGRlc2lnbmVyIG92ZXIgZmVlZGJhY2syCBAAGIAEGKIESMJoUABYt2VwAHgAkAECmAHCBqABih2qAQsxMy4xMS4yLjYtMbgBA8gBAPgBAZgCGaACqxXCAg0QABiABBixAxiDARgEwgILEAAYgAQYsQMYgwHCAhAQABiABBixAxiDARgEGIoFwgIGEAAYAxgEwgIHEAAYgAQYBMICChAAGIAEGLEDGATCAg4QABiABBixAxiDARiKBcICCBAAGIAEGLEDwgIFEAAYgATCAgQQABgewgIFECEYoAHCAgQQIRgKmAMAkgcHMTIuMTIuMaAH-UM&sclient=gws-wiz,No Title,2024-07-15 14:21:40.725000+00:00,15.486
https://www.google.com/search?q=touchdesigner+over+feedback&sca_esv=cc0e0c03d1bc2a3c&hl=ja&source=hp&ei=aDCVZsKcAfnT1e8PkvPC2AM&iflsig=AL9hbdgAAAAAZpU-eNBgAj6iGAWL6tAL85fR9Y4mXZpu&ved=0ahUKEwjC8PyOn6mHAxX5afUHHZK5EDsQ4dUDCBc&uact=5&oq=touchdesigner+over+feedback&gs_lp=Egdnd3Mtd2l6Iht0b3VjaGRlc2lnbmVyIG92ZXIgZmVlZGJhY2syCBAAGIAEGKIESMJoUABYt2VwAHgAkAECmAHCBqABih2qAQsxMy4xMS4yLjYtMbgBA8gBAPgBAZgCGaACqxXCAg0QABiABBixAxiDARgEwgILEAAYgAQYsQMYgwHCAhAQABiABBixAxiDARgEGIoFwgIGEAAYAxgEwgIHEAAYgAQYBMICChAAGIAEGLEDGATCAg4QABiABBixAxiDARiKBcICCBAAGIAEGLEDwgIFEAAYgATCAgQQABgewgIFECEYoAHCAgQQIRgKmAMAkgcHMTIuMTIuMaAH-UM&sclient=gws-wiz,touchdesigner over feedback - Google 検索,2024-07-15 14:21:41.212000+00:00,0.487
https://chimana.co/workshop/takara-univ-2021/post/002/,No Title,2024-07-15 14:21:52.820000+00:00,11.608
https://www.google.com/search?q=touchdesigner+over+&sca_esv=cc0e0c03d1bc2a3c&hl=ja&ei=dzCVZtv0KcXi1e8Pjr66uQM&ved=0ahUKEwibjLmWn6mHAxVFcfUHHQ6fLjcQ4dUDCA8&uact=5&oq=touchdesigner+over+&gs_lp=Egxnd3Mtd2l6LXNlcnAiE3RvdWNoZGVzaWduZXIgb3ZlciAyBBAAGB4yCBAAGIAEGKIEMggQABiABBiiBDIIEAAYgAQYogQyCBAAGIAEGKIESIkHUPsDWPsDcAF4AZABAJgBkwGgAZMBqgEDMC4xuAEDyAEA-AEBmAICoAKaAcICChAAGLADGNYEGEeYAwCIBgGQBgKSBwMxLjGgB40C&sclient=gws-wiz-serp,No Title,2024-07-15 14:21:53.142000+00:00,0.322
https://www.google.com/search?q=touchdesigner+over+&sca_esv=cc0e0c03d1bc2a3c&hl=ja&ei=dzCVZtv0KcXi1e8Pjr66uQM&ved=0ahUKEwibjLmWn6mHAxVFcfUHHQ6fLjcQ4dUDCA8&uact=5&oq=touchdesigner+over+&gs_lp=Egxnd3Mtd2l6LXNlcnAiE3RvdWNoZGVzaWduZXIgb3ZlciAyBBAAGB4yCBAAGIAEGKIEMggQABiABBiiBDIIEAAYgAQYogQyCBAAGIAEGKIESIkHUPsDWPsDcAF4AZABAJgBkwGgAZMBqgEDMC4xuAEDyAEA-AEBmAICoAKaAcICChAAGLADGNYEGEeYAwCIBgGQBgKSBwMxLjGgB40C&sclient=gws-wiz-serp,touchdesigner over - Google 検索,2024-07-15 14:21:53.247000+00:00,0.105
http://ted-kanakubo.com/touchdesigner-jp/?p=202,No Title,2024-07-15 14:21:56.223000+00:00,2.976
https://www.google.com/webhp?hl=ja&sa=X&ved=0ahUKEwjq4_uPq92EAxUpk68BHfg_AjMQPAgJ,Google,2024-07-15 14:22:42.331000+00:00,46.108
https://www.google.com/webhp?hl=ja&sa=X&ved=0ahUKEwjq4_uPq92EAxUpk68BHfg_AjMQPAgJ,Google,2024-07-15 14:22:42.464000+00:00,0.133
https://www.google.com/search?q=touchdesigner+feedback&sca_esv=cc0e0c03d1bc2a3c&hl=ja&source=hp&ei=tTCVZsfaDb7Z1e8PlvfT8Qg&iflsig=AL9hbdgAAAAAZpU-xfRJhbpqHmNPP2aRqzO3nVO_KWTG&oq=touchdesigner+feed&gs_lp=Egdnd3Mtd2l6IhJ0b3VjaGRlc2lnbmVyIGZlZWQqAggAMgUQABiABDIFEAAYgAQyBBAAGB4yBBAAGB4yCBAAGIAEGKIESJ0tUABYwB5wAHgAkAEAmAGaAqABsw-qAQYxMi41LjG4AQHIAQD4AQGYAhKgAtgPwgINEAAYgAQYsQMYgwEYBMICCxAAGIAEGLEDGIMBwgIQEAAYgAQYsQMYgwEYBBiKBcICBhAAGAMYBMICBxAAGIAEGATCAgoQABiABBixAxgEwgIOEAAYgAQYsQMYgwEYigXCAggQABiABBixA8ICBhAAGAgYHpgDAJIHBjExLjYuMaAHwzc&sclient=gws-wiz,No Title,2024-07-15 14:22:51.019000+00:00,8.555
https://www.google.com/search?q=touchdesigner+feedback&sca_esv=cc0e0c03d1bc2a3c&hl=ja&source=hp&ei=tTCVZsfaDb7Z1e8PlvfT8Qg&iflsig=AL9hbdgAAAAAZpU-xfRJhbpqHmNPP2aRqzO3nVO_KWTG&oq=touchdesigner+feed&gs_lp=Egdnd3Mtd2l6IhJ0b3VjaGRlc2lnbmVyIGZlZWQqAggAMgUQABiABDIFEAAYgAQyBBAAGB4yBBAAGB4yCBAAGIAEGKIESJ0tUABYwB5wAHgAkAEAmAGaAqABsw-qAQYxMi41LjG4AQHIAQD4AQGYAhKgAtgPwgINEAAYgAQYsQMYgwEYBMICCxAAGIAEGLEDGIMBwgIQEAAYgAQYsQMYgwEYBBiKBcICBhAAGAMYBMICBxAAGIAEGATCAgoQABiABBixAxgEwgIOEAAYgAQYsQMYgwEYigXCAggQABiABBixA8ICBhAAGAgYHpgDAJIHBjExLjYuMaAHwzc&sclient=gws-wiz,touchdesigner feedback - Google 検索,2024-07-15 14:22:51.885000+00:00,0.866
http://ted-kanakubo.com/touchdesigner-jp/?p=69,No Title,2024-07-15 14:22:56.327000+00:00,4.442
https://www.google.com/search?q=touchdesigner+feedback&sca_esv=cc0e0c03d1bc2a3c&hl=ja&source=hp&ei=tTCVZsfaDb7Z1e8PlvfT8Qg&iflsig=AL9hbdgAAAAAZpU-xfRJhbpqHmNPP2aRqzO3nVO_KWTG&oq=touchdesigner+feed&gs_lp=Egdnd3Mtd2l6IhJ0b3VjaGRlc2lnbmVyIGZlZWQqAggAMgUQABiABDIFEAAYgAQyBBAAGB4yBBAAGB4yCBAAGIAEGKIESJ0tUABYwB5wAHgAkAEAmAGaAqABsw-qAQYxMi41LjG4AQHIAQD4AQGYAhKgAtgPwgINEAAYgAQYsQMYgwEYBMICCxAAGIAEGLEDGIMBwgIQEAAYgAQYsQMYgwEYBBiKBcICBhAAGAMYBMICBxAAGIAEGATCAgoQABiABBixAxgEwgIOEAAYgAQYsQMYgwEYigXCAggQABiABBixA8ICBhAAGAgYHpgDAJIHBjExLjYuMaAHwzc&sclient=gws-wiz,touchdesigner feedback - Google 検索,2024-07-15 14:23:18.829000+00:00,22.502
https://lecture.nakayasu.com/feedback,No Title,2024-07-15 14:23:25.208000+00:00,6.379
https://www.google.com/search?q=touchdesigner+feedback&sca_esv=cc0e0c03d1bc2a3c&hl=ja&source=hp&ei=tTCVZsfaDb7Z1e8PlvfT8Qg&iflsig=AL9hbdgAAAAAZpU-xfRJhbpqHmNPP2aRqzO3nVO_KWTG&oq=touchdesigner+feed&gs_lp=Egdnd3Mtd2l6IhJ0b3VjaGRlc2lnbmVyIGZlZWQqAggAMgUQABiABDIFEAAYgAQyBBAAGB4yBBAAGB4yCBAAGIAEGKIESJ0tUABYwB5wAHgAkAEAmAGaAqABsw-qAQYxMi41LjG4AQHIAQD4AQGYAhKgAtgPwgINEAAYgAQYsQMYgwEYBMICCxAAGIAEGLEDGIMBwgIQEAAYgAQYsQMYgwEYBBiKBcICBhAAGAMYBMICBxAAGIAEGATCAgoQABiABBixAxgEwgIOEAAYgAQYsQMYgwEYigXCAggQABiABBixA8ICBhAAGAgYHpgDAJIHBjExLjYuMaAHwzc&sclient=gws-wiz,touchdesigner feedback - Google 検索,2024-07-15 14:29:08.207000+00:00,342.999
https://www.google.com/search?q=touchdesigner+feedback+loop&sca_esv=cc0e0c03d1bc2a3c&hl=ja&ei=vTCVZoKBOIjF1e8Pu5u_uQk&oq=touchdesigner+feedback+&gs_lp=Egxnd3Mtd2l6LXNlcnAiF3RvdWNoZGVzaWduZXIgZmVlZGJhY2sgKgIIAjIFEAAYgAQyBRAAGIAEMgQQABgeMgQQABgeMggQABiABBiiBDIIEAAYgAQYogQyCBAAGIAEGKIESMgWUIEEWIEEcAF4AJABAJgBYKABpwGqAQEyuAEByAEA-AEBmAICoAJmwgIKEAAYsAMY1gQYR5gDAIgGAZAGA5IHATKgB_cE&sclient=gws-wiz-serp,No Title,2024-07-15 14:29:12.506000+00:00,4.299
https://www.google.com/search?q=touchdesigner+feedback+loop&sca_esv=cc0e0c03d1bc2a3c&hl=ja&ei=vTCVZoKBOIjF1e8Pu5u_uQk&oq=touchdesigner+feedback+&gs_lp=Egxnd3Mtd2l6LXNlcnAiF3RvdWNoZGVzaWduZXIgZmVlZGJhY2sgKgIIAjIFEAAYgAQyBRAAGIAEMgQQABgeMgQQABgeMggQABiABBiiBDIIEAAYgAQYogQyCBAAGIAEGKIESMgWUIEEWIEEcAF4AJABAJgBYKABpwGqAQEyuAEByAEA-AEBmAICoAJmwgIKEAAYsAMY1gQYR5gDAIgGAZAGA5IHATKgB_cE&sclient=gws-wiz-serp,touchdesigner feedback loop - Google 検索,2024-07-15 14:29:12.898000+00:00,0.392
https://nogson2.hatenablog.com/entry/2017/10/11/233930,No Title,2024-07-15 14:29:16.437000+00:00,3.539
https://lecture.nakayasu.com/feedback,lecture.nakayasu.com - Feedback,2024-07-15 14:27:17.770000+00:00,-118.667
https://www.tflphotoaward.com/apply?fbclid=PAZXh0bgNhZW0BMAABpsPsajhIGXkWpa38MSNeeikkZQoyMushWJ9pogMdEQBtm6vVqkmTUJK45g_aem_JrlQ3T9_OYwZnVuAiogHcQ,APPLY | tflphotoaward,2024-07-15 14:27:16.351000+00:00,-1.419
https://nogson2.hatenablog.com/entry/2017/10/11/233930,TouchDesignerのFeedback TOPを使う - のぐそんブログ,2024-07-15 14:30:06.528000+00:00,170.177
https://nogson2.hatenablog.com/entry/2017/10/11/233930,TouchDesignerのFeedback TOPを使う - のぐそんブログ,2024-07-16 03:03:24.993000+00:00,45198.465
https://www.google.com/search?q=%E6%9D%B1%E4%BA%AC%E3%80%80%E5%A4%A9%E6%B0%97&sca_esv=ac7d4d20ed84ebd0&hl=ja&source=hp&ei=_uKVZr2PMoaZvr0P28nCyAk&oq=%E6%9D%B1%E4%BA%AC%E3%80%80%E5%A4%A9%E6%B0%97&gs_lp=EhFtb2JpbGUtZ3dzLXdpei1ocCIP5p2x5Lqs44CA5aSp5rCXMgoQABiABBhGGIACMgsQABiABBixAxiDATILEAAYgAQYsQMYgwEyCBAAGIAEGLEDMggQABiABBixAzILEAAYgAQYsQMYgwEyCBAAGIAEGLEDMgsQABiABBixAxiDAUiCKlCeBlj4KHACeACQAQSYAbYBoAGIDaoBAzkuN7gBA8gBAPgBAZgCDqAClQmoAg_CAhAQABgDGOUCGOoCGIwDGI8BwgIQEAAYgAQYsQMYgwEYBBiKBcICBhAAGAMYBMICDRAAGIAEGLEDGIMBGATCAgcQABiABBgEwgIKEAAYgAQYsQMYBMICEhAAGIAEGLEDGIMBGAQYRhiAAsICEBAAGIAEGLEDGIMBGEYYgALCAg4QABiABBixAxiDARiKBcICBRAAGIAEwgINEAAYgAQYsQMYgwEYCpgDZpIHAzkuNaAHs3A&sclient=mobile-gws-wiz-hp,東京　天気 - Google 検索,2024-07-16 03:03:33.446000+00:00,8.453
https://www.google.com/webhp?hl=ja&sa=X&ved=0ahUKEwjq4_uPq92EAxUpk68BHfg_AjMQPAgJ#sbfbu=1&pi=,https://www.google.com/webhp?hl=ja&sa=X&ved=0ahUKEwjq4_uPq92EAxUpk68BHfg_AjMQPAgJ#sbfbu=1&pi=,2024-07-16 03:03:27.884000+00:00,-5.562
https://www.google.com/webhp?hl=ja&sa=X&ved=0ahUKEwjq4_uPq92EAxUpk68BHfg_AjMQPAgJ,Google,2024-07-16 03:03:26.937000+00:00,-0.947
